USE fivedotscore;
INSERT INTO gym (id, name) VALUES (1, 'Delaware Rock Gym');
INSERT INTO gym (id, name) VALUES (2, 'Earth Treks');
INSERT INTO gym (id, name) VALUES (3, 'Philadelphia Rock Gym Wyncote');
INSERT INTO gym (id, name) VALUES (4, 'Philadelphia Rock Gym Oaks');

INSERT INTO competition (id, gym_id, name) VALUES (1,3,'Heart Burn');
INSERT INTO competition (id, gym_id, name) VALUES (2,1,'Yeah, Right');
INSERT INTO competition (id, gym_id, name) VALUES (3,3,'Acid Burn');
INSERT INTO competition (id, gym_id, name) VALUES (4,4,'Winter Burn');
INSERT INTO competition (id, gym_id, name) VALUES (5,4,'Friction Burn');
INSERT INTO competition (id, gym_id, name) VALUES (6,2,'Track Trek');
INSERT INTO competition (id, gym_id, name) VALUES (7,3,'Torch Burn');
INSERT INTO competition (id, gym_id, name) VALUES (8,4,'Burn Championships');

INSERT INTO competition_round (id, date, name, competition_id) VALUES (1, '2018-01-02', 'Heart Burn Prelims', 1);
INSERT INTO competition_round (id, date, name, competition_id) VALUES (2, '2018-01-02', 'Heart Burn Finals', 1);
INSERT INTO competition_round (id, date, name, competition_id) VALUES (3, '2018-02-04', 'Winter Burn Finals', 4);
INSERT INTO competition_round (id, date, name, competition_id) VALUES (4, '2018-05-12', 'Burn Championships Semis', 8);
INSERT INTO competition_round (id, date, name, competition_id) VALUES (5, '2018-01-02', 'Burn Championships Finals', 8);

INSERT INTO zone (id, name, comp_round_id) VALUES (1,'The Triforce', 1);
INSERT INTO zone (id, name, comp_round_id) VALUES (2,'The Cave', 1);
INSERT INTO zone (id, name, comp_round_id) VALUES (3,'The Super Slab', 1);
INSERT INTO zone (id, name, comp_round_id) VALUES (4,'The Triforce', 2);
INSERT INTO zone (id, name, comp_round_id) VALUES (5,'The Dihedral', 2);

INSERT INTO route (id, identifier, name, value, system_id, zone_id) VALUES (1,'1A','Green',245,1,1);
INSERT INTO route (id, identifier, name, value, system_id, zone_id) VALUES (2,'1B','Blue',650,1,1);
INSERT INTO route (id, identifier, name, value, system_id, zone_id) VALUES (3,'1C','Black',879,1,1);
INSERT INTO route (id, identifier, name, value, system_id, zone_id) VALUES (4,'1D','Red',65,1,1);
INSERT INTO route (id, identifier, name, value, system_id, zone_id) VALUES (5,'2A','Orange',675,1,2);
INSERT INTO route (id, identifier, name, value, system_id, zone_id) VALUES (6,'2B','Red',455,1,2);
INSERT INTO route (id, identifier, name, value, system_id, zone_id) VALUES (7,'2C','Blue',510,1,2);
INSERT INTO route (id, identifier, name, value, system_id, zone_id) VALUES (8,'2D','White',543,1,2);
INSERT INTO route (id, identifier, name, value, system_id, zone_id) VALUES (9,'3C','Pink',126,1,3);
INSERT INTO route (id, identifier, name, value, system_id, zone_id) VALUES (10,'1','Yellow',890,1,4);

INSERT INTO zone_routes (zone_id, routes_id) VALUES (1,1);
INSERT INTO zone_routes (zone_id, routes_id) VALUES (1,2);
INSERT INTO zone_routes (zone_id, routes_id) VALUES (1,3);
INSERT INTO zone_routes (zone_id, routes_id) VALUES (1,4);
INSERT INTO zone_routes (zone_id, routes_id) VALUES (2,5);
INSERT INTO zone_routes (zone_id, routes_id) VALUES (2,6);
INSERT INTO zone_routes (zone_id, routes_id) VALUES (2,7);
INSERT INTO zone_routes (zone_id, routes_id) VALUES (2,8);
INSERT INTO zone_routes (zone_id, routes_id) VALUES (3,9);
INSERT INTO zone_routes (zone_id, routes_id) VALUES (4,10);

insert into climber (id, code, email, first_name, last_name) values (1, 'NxuMPE5EB9va', 'kbrislen0@illinois.edu', 'Keith', 'Brislen');
insert into climber (id, code, email, first_name, last_name) values (2, 'c22KZdizZDvL', 'mnassie1@t-online.de', 'Marcela', 'Nassie');
insert into climber (id, code, email, first_name, last_name) values (3, 'OTF2SWhM7NdC', 'lharbord2@miitbeian.gov.cn', 'Laurena', 'Harbord');
insert into climber (id, code, email, first_name, last_name) values (4, 'lbd2raSTURJm', 'jchatainier3@dmoz.org', 'Jaquelyn', 'Chatainier');
insert into climber (id, code, email, first_name, last_name) values (5, 'z2W8RjJrSQnY', 'kfilmer4@washingtonpost.com', 'Karena', 'Filmer');
insert into climber (id, code, email, first_name, last_name) values (6, 'QOwsDczVxuf5', 'ttieraney5@oakley.com', 'Twyla', 'Tieraney');
insert into climber (id, code, email, first_name, last_name) values (7, '8d6fYE8KCHnQ', 'gpicot6@illinois.edu', 'Glennis', 'Picot');
insert into climber (id, code, email, first_name, last_name) values (8, 'AV5g3RciS1Yc', 'vartois7@seesaa.net', 'Vickie', 'Artois');
insert into climber (id, code, email, first_name, last_name) values (9, 'iGARds9hzWjY', 'gsherlock8@addthis.com', 'Genna', 'Sherlock');
insert into climber (id, code, email, first_name, last_name) values (10, '61TlI2TGe9Zb', 'ntomasian9@typepad.com', 'Ninette', 'Tomasian');
insert into climber (id, code, email, first_name, last_name) values (11, 'Jo2QXtROt7Rv', 'rkilbya@prweb.com', 'Rebecka', 'Kilby');
insert into climber (id, code, email, first_name, last_name) values (12, 'pefaOs9UpVc4', 'blavinb@homestead.com', 'Brok', 'Lavin');
insert into climber (id, code, email, first_name, last_name) values (13, 'QW4qnNY2Edt2', 'mclemettsc@google.cn', 'Marieann', 'Clemetts');
insert into climber (id, code, email, first_name, last_name) values (14, 'HBl2RA27MnEY', 'lstalliond@mapy.cz', 'Lefty', 'Stallion');
insert into climber (id, code, email, first_name, last_name) values (15, 'TPQ5oVdIXDJq', 'cshalese@unc.edu', 'Colin', 'Shales');
insert into climber (id, code, email, first_name, last_name) values (16, 'N1epBUGdB19j', 'ltiddf@360.cn', 'Lemmie', 'Tidd');
insert into climber (id, code, email, first_name, last_name) values (17, 'OMZQyJ3qymeP', 'amarieng@usnews.com', 'Ashlee', 'Marien');
insert into climber (id, code, email, first_name, last_name) values (18, '2IQ6JRqvyW9v', 'kgeekinh@tripadvisor.com', 'Katrina', 'Geekin');
insert into climber (id, code, email, first_name, last_name) values (19, 'bJNsqQU6B6C6', 'mdunbabini@google.com.hk', 'Marie-ann', 'Dunbabin');
insert into climber (id, code, email, first_name, last_name) values (20, 'ewWCclK9geTJ', 'ttewnionj@ucsd.edu', 'Trisha', 'Tewnion');

insert into climber_comp_rounds (climber_id, comp_rounds_id) values (1, 1);
insert into climber_comp_rounds (climber_id, comp_rounds_id) values (2, 1);
insert into climber_comp_rounds (climber_id, comp_rounds_id) values (3, 1);
insert into climber_comp_rounds (climber_id, comp_rounds_id) values (4, 1);
insert into climber_comp_rounds (climber_id, comp_rounds_id) values (5, 1);
insert into climber_comp_rounds (climber_id, comp_rounds_id) values (6, 1);
insert into climber_comp_rounds (climber_id, comp_rounds_id) values (7, 1);
insert into climber_comp_rounds (climber_id, comp_rounds_id) values (8, 1);
insert into climber_comp_rounds (climber_id, comp_rounds_id) values (9, 1);
insert into climber_comp_rounds (climber_id, comp_rounds_id) values (10, 1);
insert into climber_comp_rounds (climber_id, comp_rounds_id) values (11, 1);
insert into climber_comp_rounds (climber_id, comp_rounds_id) values (12, 1);
insert into climber_comp_rounds (climber_id, comp_rounds_id) values (13, 1);
insert into climber_comp_rounds (climber_id, comp_rounds_id) values (14, 1);
insert into climber_comp_rounds (climber_id, comp_rounds_id) values (15, 1);
insert into climber_comp_rounds (climber_id, comp_rounds_id) values (16, 1);
insert into climber_comp_rounds (climber_id, comp_rounds_id) values (17, 1);
insert into climber_comp_rounds (climber_id, comp_rounds_id) values (18, 1);
insert into climber_comp_rounds (climber_id, comp_rounds_id) values (19, 1);
insert into climber_comp_rounds (climber_id, comp_rounds_id) values (20, 1);

insert into climber_comp_rounds (climber_id, comp_rounds_id) values (1, 2);
insert into climber_comp_rounds (climber_id, comp_rounds_id) values (2, 2);
insert into climber_comp_rounds (climber_id, comp_rounds_id) values (3, 2);
insert into climber_comp_rounds (climber_id, comp_rounds_id) values (4, 2);
insert into climber_comp_rounds (climber_id, comp_rounds_id) values (5, 2);
insert into climber_comp_rounds (climber_id, comp_rounds_id) values (6, 2);
insert into climber_comp_rounds (climber_id, comp_rounds_id) values (7, 2);
insert into climber_comp_rounds (climber_id, comp_rounds_id) values (8, 2);
insert into climber_comp_rounds (climber_id, comp_rounds_id) values (9, 2);
insert into climber_comp_rounds (climber_id, comp_rounds_id) values (10, 2);
insert into climber_comp_rounds (climber_id, comp_rounds_id) values (11, 2);
insert into climber_comp_rounds (climber_id, comp_rounds_id) values (12, 2);

insert into judge (id, username, password, comp_round_id) values (1, 'judgeJuliett', 'quis', 1);
insert into judge (id, username, password, comp_round_id) values (2, 'judgeYankee', 'nullam', 1);
insert into judge (id, username, password, comp_round_id) values (3, 'judgeTango', 'tristique', 1);
insert into judge (id, username, password, comp_round_id) values (4, 'judgeZulu', 'id', 1);
insert into judge (id, username, password, comp_round_id) values (5, 'judgeX-ray', 'justo', 1);
insert into judge (id, username, password, comp_round_id) values (6, 'judgeTango', 'sagittis', 1);
insert into judge (id, username, password, comp_round_id) values (7, 'judgeGolf', 'odio', 1);
insert into judge (id, username, password, comp_round_id) values (8, 'judgeRomeo', 'porttitor', 1);
insert into judge (id, username, password, comp_round_id) values (9, 'judgeMike', 'ac', 1);
insert into judge (id, username, password, comp_round_id) values (10, 'judgeZulu', 'eget', 1);

insert into competition_round_judges (competition_round_id, judges_id) values (1,1);
insert into competition_round_judges (competition_round_id, judges_id) values (1,2);
insert into competition_round_judges (competition_round_id, judges_id) values (1,3);
insert into competition_round_judges (competition_round_id, judges_id) values (1,4);
insert into competition_round_judges (competition_round_id, judges_id) values (1,5);
insert into competition_round_judges (competition_round_id, judges_id) values (1,6);
insert into competition_round_judges (competition_round_id, judges_id) values (1,7);
insert into competition_round_judges (competition_round_id, judges_id) values (1,8);
insert into competition_round_judges (competition_round_id, judges_id) values (1,9);
insert into competition_round_judges (competition_round_id, judges_id) values (1,10);
